repo,groundTruthNumberOfTransitiveDeps,webpacklocation,ourSolutionLocation,webpackTransitiveDeps,ourSolutionTransitiveDeps
glob-parent,313,output/glob-parent,dist/glob-parent,1,1
is-glob,121,output/is-glob,dist/is-glob,0,0
mime-types,315,output/mime-types,dist/mime-types,0,0
doctrine,,,,,
define-property,137,output/define-property,dist/define-property,4,0
jsonfile,286,output/jsonfile,dist/jsonfile,0,0
optionator,,,,,
http-errors,317,output/http-errors,dist/http-errors,0,0
type-check,,,,,
levn,,,,,
is-extendable,138,output/is-extendable,dist/is-extendable,1,1
esquery,370,output/esquery,dist/esquery,0,0
on-finished,309,output/on-finished,dist/on-finished,0,0
error-ex,340,output/error-ex,dist/error-ex,0,0
finalhandler,338,output/finalhandler,dist/finalhandler,1,0
content-disposition,,,,,
terser,,,,,
proxy-addr,324,output/proxy-addr,dist/proxy-addr,0,0
prop-types,464,output/prop-types,dist/prop-types,0,0
has-values,138,output/has-values,dist/has-values,0,0
has-value,137,output/has-value,dist/has-value,2,2
url-parse,379,output/url-parse,dist/url-parse,0,0
simple-swizzle,339,output/simple-swizzle,dist/simple-swizzle,0,0
compressible,,,,,
global-modules,,,,,
thenify,,,,,
mz,63,output/mz,dist/mz,0,0
clone-deep,57,output/clone-deep,dist/clone-deep,0,0
shallow-clone,187,output/shallow-clone,dist/shallow-clone,0,0
prettier-linter-helpers,136,output/prettier-linter-helpers,dist/prettier-linter-helpers,0,0
cors,279,output/cors,dist/cors,0,0
fd-slicer,,,,,
object.pick,137,output/object.pick,dist/object.pick,0,0
language-tags,176,output/language-tags,dist/language-tags,0,0
union-value,102,output/union-value,dist/union-value,2,2
object-copy,118,output/object-copy,dist/object-copy,5,5
static-extend,101,output/static-extend,dist/static-extend,8,8
memory-fs,,,,,
pinkie-promise,,,,,
hash.js,140,output/hash.js,dist/hash.js,0,0
pretty-error,,,,,
renderkid,,,,,
wbuf,25,output/wbuf,dist/wbuf,0,0
browserify-zlib,655,output/browserify-zlib,dist/browserify-zlib,0,0
hmac-drbg,36,output/hmac-drbg,dist/hmac-drbg,0,0
des.js,88,output/des.js,dist/des.js,0,0
dom-converter,,,,,
expand-tilde,104,output/expand-tilde,dist/expand-tilde,1,1
homedir-polyfill,121,output/homedir-polyfill,dist/homedir-polyfill,0,0
zip-stream,126,output/zip-stream,dist/zip-stream,0,0
crc32-stream,84,output/crc32-stream,dist/crc32-stream,0,0
one-time,166,output/one-time,dist/one-time,0,0
resolve-dir,146,output/resolve-dir,dist/resolve-dir,2,2
yargs-unparser,486,output/yargs-unparser,dist/yargs-unparser,0,0
bplist-parser,,,,,
for-own,120,output/for-own,dist/for-own,0,0
md5,183,output/md5,dist/md5,0,0
is-relative,140,output/is-relative,dist/is-relative,1,1
is-absolute,141,output/is-absolute,dist/is-absolute,2,2
is-unc-path,,,,,
redis-parser,,,,,
recursive-readdir,,,,,
path-root,103,output/path-root,dist/path-root,0,0
lazy-cache,111,output/lazy-cache,dist/lazy-cache,3,2
parse-filepath,110,output/parse-filepath,dist/parse-filepath,5,4
request-progress,122,output/request-progress,dist/request-progress,0,0
jest-junit,205,output/jest-junit,dist/jest-junit,1,1
postcss-initial,,,,,
unixify,122,output/unixify,dist/unixify,1,1
cookie-parser,339,output/cookie-parser,dist/cookie-parser,0,0
saslprep,501,output/saslprep,dist/saslprep,1,1
window-size,121,output/window-size,dist/window-size,10,10
cookies,,,,,
keygrip,202,output/keygrip,dist/keygrip,0,0
contains-path,122,output/contains-path,dist/contains-path,1,1
fined,238,output/fined,dist/fined,3,1
object.defaults,119,output/object.defaults,dist/object.defaults,1,1
is-color-stop,304,output/is-color-stop,dist/is-color-stop,0,0
gonzales-pe,487,output/gonzales-pe,dist/gonzales-pe,0,0
bufferutil,,,,,
make-iterator,138,output/make-iterator,dist/make-iterator,0,0
glob-base,77,output/glob-base,dist/glob-base,1,1
uid-safe,290,output/uid-safe,dist/uid-safe,0,0
fancy-log,231,output/fancy-log,dist/fancy-log,0,0
object.map,121,output/object.map,dist/object.map,2,2
object.omit,138,output/object.omit,dist/object.omit,2,2
find-babel-config,443,output/find-babel-config,dist/find-babel-config,0,0
utf-8-validate,,,,,
mquery,,,,,
xlsx,,,,,
json-to-pretty-yaml,497,output/json-to-pretty-yaml,dist/json-to-pretty-yaml,0,0
easy-table,,,,,
named-placeholders,,,,,
is-dotfile,194,output/is-dotfile,dist/is-dotfile,0,0
parse-glob,187,output/parse-glob,dist/parse-glob,1,1
plugin-error,225,output/plugin-error,dist/plugin-error,1,1
is-equal-shallow,78,output/is-equal-shallow,dist/is-equal-shallow,0,0
original,,,,,
detective-typescript,431,output/detective-typescript,dist/detective-typescript,0,0
detective-es6,,,,,
json2mq,21,output/json2mq,dist/json2mq,0,0
create-error-class,73,output/create-error-class,dist/create-error-class,0,0
detective-cjs,433,output/detective-cjs,dist/detective-cjs,0,0
to-through,,,,,
resolve-options,225,output/resolve-options,dist/resolve-options,0,0
ansi-gray,73,output/ansi-gray,dist/ansi-gray,0,0
bcrypt,,,,,
mixin-object,137,output/mixin-object,dist/mixin-object,2,2
optimize-css-assets-webpack-plugin,,,,,
ordered-read-streams,,,,,
sync-fetch,,,,,
to-absolute-glob,102,output/to-absolute-glob,dist/to-absolute-glob,4,4
glogg,225,output/glogg,dist/glogg,0,0
unique-stream,,,,,
align-text,137,output/align-text,dist/align-text,0,0
gulplog,226,output/gulplog,dist/gulplog,1,1
blob,,,,,
center-align,121,output/center-align,dist/center-align,2,2
right-align,82,output/right-align,dist/right-align,4,4
wkx,,,,,
chai-as-promised,,,,,
json-pointer,86,output/json-pointer,dist/json-pointer,0,0
has-glob,122,output/has-glob,dist/has-glob,1,1
hot-shots,,,,,
semver-greatest-satisfied-range,225,output/semver-greatest-satisfied-range,dist/semver-greatest-satisfied-range,0,0
each-props,230,output/each-props,dist/each-props,0,0
is2,113,output/is2,dist/is2,0,0
levenary,403,output/levenary,dist/levenary,0,0
airbnb-prop-types,463,,,0,
remove-bom-stream,,,,,
remove-bom-buffer,120,output/remove-bom-buffer,dist/remove-bom-buffer,0,0
dotenv-defaults,359,output/dotenv-defaults,dist/dotenv-defaults,0,0
rework,27,output/rework,dist/rework,0,0
vizion,172,output/vizion,dist/vizion,0,0
array-sort,166,output/array-sort,dist/array-sort,0,0
default-compare,138,output/default-compare,dist/default-compare,0,0
pad-right,78,output/pad-right,dist/pad-right,0,0
passport-local,21,output/passport-local,dist/passport-local,0,0
console.table,,,,,
cli-tableau,,,,,
condense-newlines,101,output/condense-newlines,dist/condense-newlines,2,1
requireg,132,output/requireg,dist/requireg,4,3
object.reduce,121,output/object.reduce,dist/object.reduce,2,2
properties-reader,,,,,
array-initial,23,output/array-initial,dist/array-initial,0,0
default-resolution,,,,,
collection-map,121,output/collection-map,dist/collection-map,2,2
ansi-red,73,output/ansi-red,dist/ansi-red,0,0
broccoli-merge-trees,,,,,
eslint-plugin-react-native,,,,,
is-valid-path,80,output/is-valid-path,dist/is-valid-path,2,1
strip-hex-prefix,129,output/strip-hex-prefix,dist/strip-hex-prefix,0,0
uglify-es,,,,,
ansi-cyan,73,output/ansi-cyan,dist/ansi-cyan,0,0
method-override,228,output/method-override,dist/method-override,0,0
number-allocator,,,,,
has-gulplog,225,output/has-gulplog,dist/has-gulplog,0,0
ethjs-util,508,output/ethjs-util,dist/ethjs-util,0,0
unescape,73,output/unescape,dist/unescape,1,1
validate.io-integer,134,output/validate.io-integer,dist/validate.io-integer,0,0
stream-parser,,,,,
compute-gcd,136,output/compute-gcd,dist/compute-gcd,2,0
validate.io-integer-array,135,output/validate.io-integer-array,dist/validate.io-integer-array,1,0
compute-lcm,136,output/compute-lcm,dist/compute-lcm,2,0
set-getter,102,output/set-getter,dist/set-getter,2,2
passport-oauth2,21,output/passport-oauth2,dist/passport-oauth2,0,0
i18n-iso-countries,,,,,
sha1,9,output/sha1,dist/sha1,0,0
json-diff,,,,,
dreamopt,,,,,
highlight-es,147,output/highlight-es,dist/highlight-es,0,0
basic-auth-connect,127,output/basic-auth-connect,dist/basic-auth-connect,0,0
glob2base,133,output/glob2base,dist/glob2base,0,0
third-party-capital,,,,,
new-date,372,output/new-date,dist/new-date,0,0
webrtc-adapter,603,output/webrtc-adapter,dist/webrtc-adapter,0,0
xhr-request-promise,396,output/xhr-request-promise,dist/xhr-request-promise,12,9
contentful-resolve-response,491,output/contentful-resolve-response,dist/contentful-resolve-response,0,0
jest-sonar-reporter,421,output/jest-sonar-reporter,dist/jest-sonar-reporter,0,0
parse-author,36,output/parse-author,dist/parse-author,0,0
amd-name-resolver,298,output/amd-name-resolver,dist/amd-name-resolver,0,0
mocha-multi-reporters,,,,,
eslint-plugin-filenames,223,output/eslint-plugin-filenames,dist/eslint-plugin-filenames,0,0
apache-crypt,169,output/apache-crypt,dist/apache-crypt,0,0
semver-intersect,441,output/semver-intersect,dist/semver-intersect,0,0
fetch-ponyfill,,,,,
karma-mocha,599,output/karma-mocha,dist/karma-mocha,0,0
is-odd,138,output/is-odd,dist/is-odd,0,0
babel-plugin-ember-modules-api-polyfill,648,output/babel-plugin-ember-modules-api-polyfill,dist/babel-plugin-ember-modules-api-polyfill,0,0
csurf,,,,,
taketalk,73,output/taketalk,dist/taketalk,0,0
require-and-forget,,,,,
geojson-equality,166,output/geojson-equality,dist/geojson-equality,0,0
relative,80,output/relative,dist/relative,1,1
pkg-config,351,output/pkg-config,dist/pkg-config,0,0
rss-parser,340,output/rss-parser,dist/rss-parser,0,0
xml-but-prettier,629,output/xml-but-prettier,dist/xml-but-prettier,0,0
karma-spec-reporter,,,,,
speakeasy,416,output/speakeasy,dist/speakeasy,0,0
parsejson,,,,,
promise-to-callback,285,output/promise-to-callback,dist/promise-to-callback,0,0
sha3,,,,,
is-self-closing,139,output/is-self-closing,dist/is-self-closing,0,0
alce,116,output/alce,dist/alce,0,0
async-promise-queue,,,,,
typeof-article,120,output/typeof-article,dist/typeof-article,1,0
handlebars-utils,141,output/handlebars-utils,dist/handlebars-utils,0,0
html-tag,139,output/html-tag,dist/html-tag,1,1
mock-require,135,output/mock-require,dist/mock-require,1,1
broccoli-slow-trees,,,,,
json-merge-patch,232,output/json-merge-patch,dist/json-merge-patch,0,0
download-stats,,,,,
can-symlink,19,output/can-symlink,dist/can-symlink,1,1
ttf2eot,,,,,
eslint-plugin-you-dont-need-lodash-underscore,185,output/eslint-plugin-you-dont-need-lodash-underscore,dist/eslint-plugin-you-dont-need-lodash-underscore,0,0
pad-left,231,output/pad-left,dist/pad-left,0,0
passport-http-bearer,21,output/passport-http-bearer,dist/passport-http-bearer,0,0
react-themeable,286,output/react-themeable,dist/react-themeable,0,0
ansi-green,73,output/ansi-green,dist/ansi-green,0,0
livereload,,,,,
match-url-wildcard,126,output/match-url-wildcard,dist/match-url-wildcard,0,0
promisify-event,,,,,
opentype.js,,,,,
clean-deep,492,output/clean-deep,dist/clean-deep,0,0
react-linkify,463,output/react-linkify,dist/react-linkify,0,0
passport-oauth1,21,output/passport-oauth1,dist/passport-oauth1,0,0
date.js,,,,,
json-rpc-error,51,output/json-rpc-error,dist/json-rpc-error,0,0
broccoli-asset-rewrite,,,,,
rest-facade,264,output/rest-facade,dist/rest-facade,0,0
eslint-plugin-sort-destructure-keys,146,output/eslint-plugin-sort-destructure-keys,dist/eslint-plugin-sort-destructure-keys,0,0
ansi-yellow,73,output/ansi-yellow,dist/ansi-yellow,0,0
ansi-grey,73,output/ansi-grey,dist/ansi-grey,0,0
ansi-magenta,73,output/ansi-magenta,dist/ansi-magenta,0,0
ansi-bold,73,output/ansi-bold,dist/ansi-bold,0,0
node-sass-tilde-importer,385,output/node-sass-tilde-importer,dist/node-sass-tilde-importer,0,0
ansi-underline,73,output/ansi-underline,dist/ansi-underline,0,0
ansi-bgred,73,output/ansi-bgred,dist/ansi-bgred,0,0
ansi-dim,73,output/ansi-dim,dist/ansi-dim,0,0
ansi-bgyellow,73,output/ansi-bgyellow,dist/ansi-bgyellow,0,0
ansi-bgwhite,73,output/ansi-bgwhite,dist/ansi-bgwhite,0,0
ansi-bgblue,73,output/ansi-bgblue,dist/ansi-bgblue,0,0
ansi-blue,73,output/ansi-blue,dist/ansi-blue,0,0
ansi-black,73,output/ansi-black,dist/ansi-black,0,0
ansi-reset,73,output/ansi-reset,dist/ansi-reset,0,0
ansi-strikethrough,73,output/ansi-strikethrough,dist/ansi-strikethrough,0,0
ansi-italic,73,output/ansi-italic,dist/ansi-italic,0,0
ansi-bgmagenta,73,output/ansi-bgmagenta,dist/ansi-bgmagenta,0,0
ansi-white,73,output/ansi-white,dist/ansi-white,0,0
ansi-hidden,73,output/ansi-hidden,dist/ansi-hidden,0,0
ansi-inverse,73,output/ansi-inverse,dist/ansi-inverse,0,0
ansi-bgcyan,73,output/ansi-bgcyan,dist/ansi-bgcyan,0,0
ansi-bggreen,73,output/ansi-bggreen,dist/ansi-bggreen,0,0
ansi-bgblack,73,output/ansi-bgblack,dist/ansi-bgblack,0,0
typpy,,,,,
varstream,,,,,
passport-custom,21,output/passport-custom,dist/passport-custom,0,0
list-item,127,output/list-item,dist/list-item,1,1
contra,181,output/contra,dist/contra,0,0
mocha-suppress-logs,244,output/mocha-suppress-logs,dist/mocha-suppress-logs,0,0
is-valid-app,,,,,
koa-mount,233,output/koa-mount,dist/koa-mount,0,0
node-eval,136,output/node-eval,dist/node-eval,0,0
stringifier,268,output/stringifier,dist/stringifier,0,0
ember-cli-test-info,21,output/ember-cli-test-info,dist/ember-cli-test-info,0,0
nodeify,9,output/nodeify,dist/nodeify,0,0
react-native-dotenv,463,output/react-native-dotenv,dist/react-native-dotenv,0,0
node-gettext,292,output/node-gettext,dist/node-gettext,0,0
rdf-canonize,479,output/rdf-canonize,dist/rdf-canonize,0,0
passport-oauth,,,,,
chai-json-schema,,,,,
markdown-toc,,,,,
universal-deep-strict-equal,451,output/universal-deep-strict-equal,dist/universal-deep-strict-equal,0,0
espower-location-detector,199,output/espower-location-detector,dist/espower-location-detector,0,0
jest-css-modules,,,,,
buffermaker,388,output/buffermaker,dist/buffermaker,0,0
is-even,121,output/is-even,dist/is-even,3,2
deep-for-each,597,output/deep-for-each,dist/deep-for-each,0,0
rename-keys,138,output/rename-keys,dist/rename-keys,0,0
memcached,,,,,
kerberos,,,,,
smtp-connection,,,,,
deep-rename-keys,102,output/deep-rename-keys,dist/deep-rename-keys,1,1
wrap-fn,371,output/wrap-fn,dist/wrap-fn,0,0
generate-schema,38,output/generate-schema,dist/generate-schema,0,0
ware,61,output/ware,dist/ware,1,0
stringify-object-es5,374,output/stringify-object-es5,dist/stringify-object-es5,0,0
json-promise,,,,,
receptacle,373,output/receptacle,dist/receptacle,0,0
chai-datetime,,,,,
to-source-code,131,output/to-source-code,dist/to-source-code,0,0
safe-compare,126,output/safe-compare,dist/safe-compare,0,0
js-yaml-js-types,195,output/js-yaml-js-types,dist/js-yaml-js-types,0,0
to-ast,28,output/to-ast,dist/to-ast,0,0
is-native,131,output/is-native,dist/is-native,0,0
ip-cidr,,,,,
multimath,308,output/multimath,dist/multimath,0,0
kruptein,,,,,
rocambole,,,,,
dnscache,240,output/dnscache,dist/dnscache,0,0
wawoff2,,,,,
doctrine-temporary-fork,,,,,
koa-route,135,output/koa-route,dist/koa-route,0,0
git-username,144,output/git-username,dist/git-username,8,7
create-frame,,,,,
merge-value,135,output/merge-value,dist/merge-value,5,5
fd-slicer2,,,,,
mergexml,,,,,
receptor,913,output/receptor,dist/receptor,0,0
longjohn,,,,,
resolve-bin,268,output/resolve-bin,dist/resolve-bin,0,0
axios-rate-limit,,,,,
node-fetch-retry,,,,,
helper-markdown,142,output/helper-markdown,dist/helper-markdown,2,2
gonzales-pe-sl,551,output/gonzales-pe-sl,dist/gonzales-pe-sl,0,0
xml-parser,,,,,
saml2-js,,,,,
react-stickynode,,,,,
parse-prefer-header,169,output/parse-prefer-header,dist/parse-prefer-header,0,0
express-xml-bodyparser,,,,,
omit-empty,57,output/omit-empty,dist/omit-empty,0,0
request-debug,78,output/request-debug,dist/request-debug,0,0
table-parser,449,output/table-parser,dist/table-parser,0,0
random-words,,,,,
lzma-native,,,,,
esprima-extract-comments,139,output/esprima-extract-comments,dist/esprima-extract-comments,0,0
add-filename-increment,187,output/add-filename-increment,dist/add-filename-increment,0,0
protobuf.js,23,output/protobuf.js,dist/protobuf.js,0,0
oauth2orize,,,,,
extract-comments,100,output/extract-comments,dist/extract-comments,0,0
path-extra,280,output/path-extra,dist/path-extra,0,0
redux-promise,609,output/redux-promise,dist/redux-promise,1,1
vow-queue,,,,,
compute-cosine-similarity,134,output/compute-cosine-similarity,dist/compute-cosine-similarity,0,0
grunt-mocha-test,206,output/grunt-mocha-test,dist/grunt-mocha-test,0,0
weak-napi,,,,,
propose,18,output/propose,dist/propose,0,0
radio-symbol,122,output/radio-symbol,dist/radio-symbol,1,1
toggle-array,120,output/toggle-array,dist/toggle-array,0,0
choices-separator,121,output/choices-separator,dist/choices-separator,1,1
compute-dot,134,output/compute-dot,dist/compute-dot,0,0
compute-l2norm,134,output/compute-l2norm,dist/compute-l2norm,0,0
fusing,67,output/fusing,dist/fusing,1,0
scrypt,,,,,
arr-swap,120,output/arr-swap,dist/arr-swap,2,2
ps-node,27,output/ps-node,dist/ps-node,1,1
readme-badger,2,output/readme-badger,dist/readme-badger,0,0
slack-node,,,,,
less-vars-to-js,615,output/less-vars-to-js,dist/less-vars-to-js,0,0
chai-files,,,,,
smpltmpl,,,,,
testrail-api,,,,,
payment,,,,,
decode-bmp,307,output/decode-bmp,dist/decode-bmp,0,0
camelo,79,output/camelo,dist/camelo,1,1
currency-formatter,32,output/currency-formatter,dist/currency-formatter,0,0
eslint-plugin-you-dont-need-momentjs,306,output/eslint-plugin-you-dont-need-momentjs,dist/eslint-plugin-you-dont-need-momentjs,0,0
httperrors,166,output/httperrors,dist/httperrors,0,0
passport-google-oauth,,,,,
sort-by,308,output/sort-by,dist/sort-by,0,0
merge-estraverse-visitors,,,,,
empower-assert,223,output/empower-assert,dist/empower-assert,0,0
component-cookie,,,,,
serverless-plugin-aws-alerts,,,,,
pm2-promise,,,,,
ember-cli-valid-component-name,,,,,
connect-datadog,,,,,
file-match,58,output/file-match,dist/file-match,0,0
defaults-deep,,,,,
vue-moment,,,,,
jsdom-worker,,,,,
assign-deep,187,output/assign-deep,dist/assign-deep,0,0
intelli-espower-loader,,,,,
moji,,,,,
escape-quotes,,,,,
delimiter-regex,155,output/delimiter-regex,dist/delimiter-regex,2,2
cache-manager-ioredis,,,,,
cookiefile,,,,,
mitm,57,output/mitm,dist/mitm,0,0
os-dns-native,101,output/os-dns-native,dist/os-dns-native,0,0
mongodb-build-info,,,,,
html-to-vdom,141,output/html-to-vdom,dist/html-to-vdom,0,0
github-url-to-object,300,output/github-url-to-object,dist/github-url-to-object,0,0
multiline,190,output/multiline,dist/multiline,0,0
passport-openidconnect,71,output/passport-openidconnect,dist/passport-openidconnect,0,0
electron-window,,,,,
deep-sort-object,188,output/deep-sort-object,dist/deep-sort-object,1,1
is-valid-element-name,18,output/is-valid-element-name,dist/is-valid-element-name,0,0
stylelint-config-standard-vue,,,,,
jexl,,,,,
underscore-keypath,,,,,
git-repo-version,25,output/git-repo-version,dist/git-repo-version,0,0
posthtml-urls,292,output/posthtml-urls,dist/posthtml-urls,0,0
gravatar,119,output/gravatar,dist/gravatar,0,0
test-results-parser,103,output/test-results-parser,dist/test-results-parser,0,0
strip-bom-buffer,120,output/strip-bom-buffer,dist/strip-bom-buffer,0,0
browserify-transform-tools,,,,,
sanitize-html-react,195,output/sanitize-html-react,dist/sanitize-html-react,0,0
jquery-datetimepicker,,,,,
abs,,,,,
data-store,204,output/data-store,dist/data-store,2,2
json-api-serializer,,,,,
resemblejs,,,,,
exec-limiter,20,output/exec-limiter,dist/exec-limiter,2,1
if-env,,,,,
babel-plugin-inline-dotenv,,,,,
vimeo,,,,,
core_d,,,,,
koa-qs,316,output/koa-qs,dist/koa-qs,0,0
express-formidable,,,,,
object-path-immutable,326,output/object-path-immutable,dist/object-path-immutable,0,0
gulp-insert,,,,,
oargv,22,output/oargv,dist/oargv,4,3
flowstate,46,output/flowstate,dist/flowstate,0,0
glibc-version,,,,,
execution-time,94,output/execution-time,dist/execution-time,0,0
acorn-object-spread,,,,,
vue-shortkey,,,,,
ursa-optional,,,,,
shortcss,,,,,
has-own-deep,138,output/has-own-deep,dist/has-own-deep,0,0
process.argv,,,,,
synesthesia,,,,,
sloc,,,,,
validate,703,output/validate,dist/validate,0,0
validate.io-array-like,135,output/validate.io-array-like,dist/validate.io-array-like,1,0
utils-regex-from-string,121,output/utils-regex-from-string,dist/utils-regex-from-string,0,0
import-html-entry,,,,,
kitx,,,,,
phylo,,,,,
stream-chunks,,,,,
co-read,17,output/co-read,dist/co-read,0,0
dirty-json,101,output/dirty-json,dist/dirty-json,1,0
babel-plugin-transform-dynamic-import,,,,,
redis-clustr,61,output/redis-clustr,dist/redis-clustr,0,0
wiredep,,,,,
composer,,,,,
eslint-plugin-codeceptjs,,,,,
deviate,,,,,
redux-freeze,258,output/redux-freeze,dist/redux-freeze,0,0
postcss-hexrgba,182,output/postcss-hexrgba,dist/postcss-hexrgba,0,0
file-is-binary,126,output/file-is-binary,dist/file-is-binary,1,1
project-name,61,output/project-name,dist/project-name,4,3
sendgrid-rest,,,,,
css-color-list,,,,,
predefine,,,,,
is-binary-buffer,138,output/is-binary-buffer,dist/is-binary-buffer,0,0
laravelphp,,,,,
ember-cli-broccoli-sane-watcher,268,output/ember-cli-broccoli-sane-watcher,dist/ember-cli-broccoli-sane-watcher,0,0
postal-codes-js,,,,,
engine,128,output/engine,dist/engine,1,1
eslint-plugin-modules-newline,,,,,
unlazy-loader,78,output/unlazy-loader,dist/unlazy-loader,0,0
p-queue-compat,,,,,
map-schema,203,output/map-schema,dist/map-schema,0,0
sort-object-arrays,74,output/sort-object-arrays,dist/sort-object-arrays,1,1
babel-preset-amex,,,,,
intercept-stdout,24,output/intercept-stdout,dist/intercept-stdout,6,5
proj4leaflet,,,,,
ml-kernel-gaussian,511,output/ml-kernel-gaussian,dist/ml-kernel-gaussian,0,0
esbuild-plugin-text-replace,,,,,
co-with-promise,,,,,
layouts,146,output/layouts,dist/layouts,1,1
schema-inspector,,,,,
hubot-slack,,,,,
setheader,,,,,
color-stringify,,,,,
geojson-antimeridian-cut,,,,,
cfenv,,,,,
aws-cdk-local,,,,,
jest-text-transformer,327,output/jest-text-transformer,dist/jest-text-transformer,0,0
duplexpair,,,,,
rethrow,,,,,
expand-args,118,output/expand-args,dist/expand-args,0,0
trim-leading-lines,103,output/trim-leading-lines,dist/trim-leading-lines,0,0
parser-front-matter,,,,,
broccoli-viz,,,,,
make-unique,16,output/make-unique,dist/make-unique,0,0
expand-object,169,output/expand-object,dist/expand-object,7,7
to-choices,195,output/to-choices,dist/to-choices,3,3
assemble-streams,,,,,
elfy,83,output/elfy,dist/elfy,0,0
is-answer,122,output/is-answer,dist/is-answer,5,4
random-weighted-choice,,,,,
pa11y-runner-htmlcs,,,,,
cli-source-preview,,,,,
ml-convolution,370,output/ml-convolution,dist/ml-convolution,0,0
template-error,,,,,
diff-json,,,,,
stream-demux,,,,,
clean,73,output/clean,dist/clean,0,0
undertaker-forward-reference,225,output/undertaker-forward-reference,dist/undertaker-forward-reference,0,0
extract-banner,157,output/extract-banner,dist/extract-banner,0,0
wdio-reportportal-service,,,,,
should-http,210,output/should-http,dist/should-http,0,0
base-argv,,,,,
adbkit-monkey,,,,,
readable-error,,,,,
commons-validator-js,325,output/commons-validator-js,dist/commons-validator-js,0,0
winston-slack-webhook-transport,,,,,
except,42,output/except,dist/except,0,0
tree-model,,,,,
base-task,85,output/base-task,dist/base-task,6,6
shift-regexp-acceptor,152,output/shift-regexp-acceptor,dist/shift-regexp-acceptor,1,1
base64url-universal,,,,,
raml-parser,,,,,
pa11y-reporter-cli,239,output/pa11y-reporter-cli,dist/pa11y-reporter-cli,0,0
get-view,139,output/get-view,dist/get-view,0,0
maplibre-gl-draw-circle,432,output/maplibre-gl-draw-circle,dist/maplibre-gl-draw-circle,0,0
editorjs-undo,,,,,
serverless-plugin-utils,,,,,
serverless-api-gateway-caching,91,output/serverless-api-gateway-caching,dist/serverless-api-gateway-caching,0,0
company-email-validator,31,output/company-email-validator,dist/company-email-validator,0,0
shift-fuzzer,58,output/shift-fuzzer,dist/shift-fuzzer,0,0
tableize-object,103,output/tableize-object,dist/tableize-object,1,1
node-redis-scripty,16,output/node-redis-scripty,dist/node-redis-scripty,0,0
pa11y-runner-axe,,,,,
base-runtimes,,,,,
common-config,,,,,
babel-loader-exclude-node-modules-except,407,output/babel-loader-exclude-node-modules-except,dist/babel-loader-exclude-node-modules-except,0,0
humanize-bytes,61,output/humanize-bytes,dist/humanize-bytes,0,0
deep-bind,156,output/deep-bind,dist/deep-bind,2,1
blake2,,,,,
mkdirp-then,52,output/mkdirp-then,dist/mkdirp-then,0,0
codacy-coverage,,,,,
base-engines,,,,,
serverless-api-gateway-throttling,93,output/serverless-api-gateway-throttling,dist/serverless-api-gateway-throttling,0,0
connect-query,68,output/connect-query,dist/connect-query,0,0
rdf-transform-triple-to-quad,,,,,
webworker-promise,,,,,
svg-path-bounding-box,,,,,
inquirer-promise,,,,,
finished,309,output/finished,dist/finished,0,0
nodemailer-ses-transport,,,,,
rework-plugin-function,26,output/rework-plugin-function,dist/rework-plugin-function,0,0
saucectl,,,,,
textlint-rule-preset-ja-technical-writing,364,output/textlint-rule-preset-ja-technical-writing,dist/textlint-rule-preset-ja-technical-writing,0,0
urllite,,,,,
virtual-u2f,,,,,
simulate-event,498,output/simulate-event,dist/simulate-event,0,0
serverless-mysql,,,,,
package-json-versionify,216,output/package-json-versionify,dist/package-json-versionify,0,0
winston-array-transport,,,,,
hexo-generator-category,269,output/hexo-generator-category,dist/hexo-generator-category,0,0
rollup-plugin-banner2,,,,,
hexo-generator-archive,228,output/hexo-generator-archive,dist/hexo-generator-archive,0,0
emailjs-utf7,518,output/emailjs-utf7,dist/emailjs-utf7,0,0
abstract-socket,,,,,
rework-plugin-url,27,output/rework-plugin-url,dist/rework-plugin-url,1,1
mocha-jsdom,,,,,
stylelint-config-gds,,,,,
passport-cookie,125,output/passport-cookie,dist/passport-cookie,0,0
ethjs-provider-http,,,,,
cypress-intellij-reporter,,,,,
sort-pjson,169,output/sort-pjson,dist/sort-pjson,0,0
connect-loki,,,,,
is-array-like,131,output/is-array-like,dist/is-array-like,0,0
next-remote-watch,,,,,
deferential,,,,,
promise-chains,,,,,
lasso-caching-fs,,,,,
lasso-package-root,46,output/lasso-package-root,dist/lasso-package-root,1,0
hexo-renderer-ejs,248,output/hexo-renderer-ejs,dist/hexo-renderer-ejs,0,0
generate-password-browser,,,,,
json5-jest,197,output/json5-jest,dist/json5-jest,0,0
amex-jest-preset-react,,,,,
opted,,,,,
secure-random-password,,,,,
scss-comment-parser,,,,,
lil-uri,,,,,
rollup-plugin-sizes,281,output/rollup-plugin-sizes,dist/rollup-plugin-sizes,0,0
gulp-order,,,,,
esanimate,,,,,
babel-preset-es2015-rollup,112,output/babel-preset-es2015-rollup,dist/babel-preset-es2015-rollup,0,0
loopback-filters,,,,,
gfm-code-blocks,120,output/gfm-code-blocks,dist/gfm-code-blocks,0,0
leaflet-geometryutil,,,,,
modularscale,,,,,
chai-colors,44,output/chai-colors,dist/chai-colors,0,0
babel-plugin-auto-import,221,output/babel-plugin-auto-import,dist/babel-plugin-auto-import,0,0
jquery-extendext,,,,,
remark-hbs,450,output/remark-hbs,dist/remark-hbs,2,2
jwt-builder,57,output/jwt-builder,dist/jwt-builder,0,0
weak,,,,,
ref-struct-di,,,,,
jenkins,,,,,
eslint-config-tc,,,,,
eslint-plugin-scanjs-rules,,,,,
chartjs-test-utils,233,output/chartjs-test-utils,dist/chartjs-test-utils,0,0
function-double,489,output/function-double,dist/function-double,0,0
lambda-multipart-parser,,,,,
gulp-multi-process,308,output/gulp-multi-process,dist/gulp-multi-process,0,0
hcl-to-json,,,,,
defaulty,416,output/defaulty,dist/defaulty,0,0
undoo,385,output/undoo,dist/undoo,0,0
eslint-plugin-modules-newlines,,,,,
sourcemapped-stacktrace-node,,,,,
loading-spinner,,,,,
lost,523,output/lost,dist/lost,0,0
mktmpdir,20,output/mktmpdir,dist/mktmpdir,0,0
showdown-xss-filter,,,,,
last-commit-log,322,output/last-commit-log,dist/last-commit-log,1,0
lerna-audit,,,,,
flatley,190,output/flatley,dist/flatley,0,0
wdio-mochawesome-reporter,539,output/wdio-mochawesome-reporter,dist/wdio-mochawesome-reporter,0,0
qs-middleware,417,output/qs-middleware,dist/qs-middleware,0,0
googlemaps,66,output/googlemaps,dist/googlemaps,0,0
rocambole-strip-alert,75,output/rocambole-strip-alert,dist/rocambole-strip-alert,1,1
is-dotdir,121,output/is-dotdir,dist/is-dotdir,0,0
newman-reporter-slackmsg,372,output/newman-reporter-slackmsg,dist/newman-reporter-slackmsg,1,1
dotgitconfig,266,output/dotgitconfig,dist/dotgitconfig,0,0
z-schema-errors,41,output/z-schema-errors,dist/z-schema-errors,0,0
redis-server,,,,,
validate.io-object,134,output/validate.io-object,dist/validate.io-object,0,0
imparse,,,,,
markdown-builder,,,,,
koa-locale,128,output/koa-locale,dist/koa-locale,0,0
eslint-plugin-googleappsscript,,,,,
lodash-move,,,,,
rudy-match-path,790,output/rudy-match-path,dist/rudy-match-path,1,1
onedrive-api,160,output/onedrive-api,dist/onedrive-api,0,0
magicpen-prism,,,,,
sqlite-async,,,,,
babel-plugin-dotenv-import,521,output/babel-plugin-dotenv-import,dist/babel-plugin-dotenv-import,0,0
capture-console,138,output/capture-console,dist/capture-console,2,2
check-export-map,232,output/check-export-map,dist/check-export-map,0,0
argle,137,output/argle,dist/argle,0,0
markdown-utils,127,output/markdown-utils,dist/markdown-utils,2,2
json-parse-context,571,output/json-parse-context,dist/json-parse-context,2,0
multi-glob,,,,,
mongoose-paginate,,,,,
node-postal,,,,,
access-control,187,output/access-control,dist/access-control,3,3
passport-trello,,,,,
ebay-oauth-nodejs-client,,,,,
parse-data-url,220,output/parse-data-url,dist/parse-data-url,0,0
pbkdf2-password,40,output/pbkdf2-password,dist/pbkdf2-password,1,1
list-it,263,output/list-it,dist/list-it,0,0
await-busboy,,,,,
url-assembler,188,output/url-assembler,dist/url-assembler,0,0
rfc6902-ordered,,,,,
npe,208,output/npe,dist/npe,0,0
find-exec,78,output/find-exec,dist/find-exec,0,0
jsx-runtime,128,output/jsx-runtime,dist/jsx-runtime,0,0
sort-by-value,119,output/sort-by-value,dist/sort-by-value,1,1
mongoose-timestamp,98,output/mongoose-timestamp,dist/mongoose-timestamp,1,1
async-test-util,,,,,
babel-plugin-transform-react-createelement-to-jsx,,,,,
i18n-nationality,,,,,
npm-paths,,,,,
exec-promise,,,,,
chai-almost,164,output/chai-almost,dist/chai-almost,0,0
queue-fifo,,,,,
grant-profile,,,,,
jest-monocart-coverage,,,,,
idna-uts46,,,,,
recaptcha2,,,,,
create-server,185,output/create-server,dist/create-server,0,0
strong-data-uri,51,output/strong-data-uri,dist/strong-data-uri,0,0
trace-error,,,,,
babel-plugin-jsx-pragmatic,,,,,
sort-media-queries,434,output/sort-media-queries,dist/sort-media-queries,0,0
rollup-plugin-legacy,,,,,
tin-validator,,,,,
node-random-name,,,,,
super-error,263,output/super-error,dist/super-error,0,0
nicely-format,346,output/nicely-format,dist/nicely-format,0,0
karma-summary-reporter,,,,,
jssoup,,,,,
eslint-plugin-no-async-array-methods,,,,,
pure-render-decorator,71,output/pure-render-decorator,dist/pure-render-decorator,0,0
prismarine-windows,,,,,
is-present,20,output/is-present,dist/is-present,2,2
webpack-plugin-hash-output,,,,,
jspm-github,3,output/jspm-github,dist/jspm-github,0,0
node-df,,,,,
is-ttf,,,,,
chai-asserttype,,,,,
express-body-parser-error-handler,,,,,
koa-ejs,367,output/koa-ejs,dist/koa-ejs,0,0
xunit-file,90,output/xunit-file,dist/xunit-file,0,0
gatsby-plugin-force-trailing-slashes,,,,,
fs-mode,19,output/fs-mode,dist/fs-mode,2,0
cbify,174,output/cbify,dist/cbify,0,0
wink-distance,317,output/wink-distance,dist/wink-distance,0,0
fobject,,,,,
mojangson,299,output/mojangson,dist/mojangson,0,0
babel-plugin-transform-es2017-object-entries,,,,,
promise-props-recursive,78,output/promise-props-recursive,dist/promise-props-recursive,0,0
postcss-banner,,,,,
mdx,221,output/mdx,dist/mdx,0,0
change-case-object,229,output/change-case-object,dist/change-case-object,3,3
is-otf,,,,,
hmpo-model,247,output/hmpo-model,dist/hmpo-model,0,0
mocha-circleci-reporter,,,,,
aliasify,,,,,
jquery.payment,,,,,
wdio-cucumber-reporter,,,,,
babel-preset-vue-app,,,,,
json-schema-for-openapi,109,output/json-schema-for-openapi,dist/json-schema-for-openapi,0,0
express-response-size,272,output/express-response-size,dist/express-response-size,0,0
gift,,,,,
loads,90,output/loads,dist/loads,0,0
deep-filter,188,output/deep-filter,dist/deep-filter,1,1
eslint-plugin-no-unsafe-innerhtml,,,,,
bluebird-ff,,,,,
whois-json,60,output/whois-json,dist/whois-json,18,18
restify-cookies,131,output/restify-cookies,dist/restify-cookies,0,0
eventproxy,,,,,
superagent-use,57,output/superagent-use,dist/superagent-use,0,0
postcss-purgecss-laravel,,,,,
axe-webdriverjs,,,,,
firebase-scrypt,,,,,
line-ending-corrector,,,,,
fetch-base64,194,output/fetch-base64,dist/fetch-base64,1,1
serverless-default-aws-resource-attributes,,,,,
es7-object-polyfill,278,output/es7-object-polyfill,dist/es7-object-polyfill,0,0
babel-plugin-react-native-platform-specific-extensions,,,,,
robloach-datfile,75,output/robloach-datfile,dist/robloach-datfile,4,3
jsonbird,398,output/jsonbird,dist/jsonbird,1,1
ee-argv,,,,,
nodemailer-mandrill-transport,156,output/nodemailer-mandrill-transport,dist/nodemailer-mandrill-transport,0,0
js2coffee,,,,,
trigram-similarity,226,output/trigram-similarity,dist/trigram-similarity,0,0
metalsmith-permalinks,624,output/metalsmith-permalinks,dist/metalsmith-permalinks,0,0
chunkify-stream,,,,,
ascii-tree,73,output/ascii-tree,dist/ascii-tree,0,0
camunda-dmn-moddle,,,,,
ml-hclust,418,output/ml-hclust,dist/ml-hclust,0,0
iso-639-1-zh,,,,,
winston-transport-rollbar-3,,,,,
emoji-text,,,,,
esformatter-eol-last,,,,,
vue-numeric,,,,,
express-socket.io-session,464,output/express-socket.io-session,dist/express-socket.io-session,2,2
libs-dogstatsd,,,,,
sorted-joyo-kanji,542,output/sorted-joyo-kanji,dist/sorted-joyo-kanji,6,4
json-int64,,,,,
request-cookie,,,,,
spellcheck-technical-word,,,,,
superagent-no-cache,,,,,
rewrite-ext,120,output/rewrite-ext,dist/rewrite-ext,1,1
cometd-nodejs-client,,,,,
pdf-parse-new,,,,,
prebuild-webpack-plugin,533,output/prebuild-webpack-plugin,dist/prebuild-webpack-plugin,3,2
first-base,331,output/first-base,dist/first-base,1,1
tokenbucket,,,,,
esformatter-literal-notation,81,output/esformatter-literal-notation,dist/esformatter-literal-notation,1,1
MD5,183,output/MD5,dist/MD5,0,0
csv2geojson,330,output/csv2geojson,dist/csv2geojson,0,0
statman-stopwatch,72,output/statman-stopwatch,dist/statman-stopwatch,0,0
cacheman,239,output/cacheman,dist/cacheman,0,0
eslint-plugin-destructuring,399,output/eslint-plugin-destructuring,dist/eslint-plugin-destructuring,0,0
git-user-name,256,output/git-user-name,dist/git-user-name,1,1
eslint-plugin-const-case,,,,,
babel-type-scopes,,,,,
karma-expect,,,,,
consent-string,442,output/consent-string,dist/consent-string,0,0
agent-pool,,,,,
is-affirmative,103,output/is-affirmative,dist/is-affirmative,0,0
jspngopt,,,,,
inspect.js,2,output/inspect.js,dist/inspect.js,0,0
rich-text,,,,,
memoize-bind,260,output/memoize-bind,dist/memoize-bind,0,0
javascript-brunch,168,output/javascript-brunch,dist/javascript-brunch,0,0
creature-features,360,output/creature-features,dist/creature-features,0,0
gulp-filenames,,,,,
os-locale-s-fix,196,output/os-locale-s-fix,dist/os-locale-s-fix,1,1
better-sqlite3-with-prebuilds,,,,,
ab-testing,77,output/ab-testing,dist/ab-testing,0,0
lookup-path,81,output/lookup-path,dist/lookup-path,4,4
dataloader-sort,,,,,
jquery-once,,,,,
vdom-to-html,68,output/vdom-to-html,dist/vdom-to-html,2,2
koa-rewrite-75lb,370,output/koa-rewrite-75lb,dist/koa-rewrite-75lb,0,0
webpack-env,,,,,
get-pkg,62,output/get-pkg,dist/get-pkg,0,0
react-time-input,,,,,
os-locale-s,196,output/os-locale-s,dist/os-locale-s,1,1
coffee-register,,,,,
superagent-mocker,108,output/superagent-mocker,dist/superagent-mocker,1,1
eslint-config-mongodb-js,,,,,
stack-lifo,,,,,
ethjs-provider-signer,,,,,
redux-ignore,,,,,
envs,,,,,
redisearch,,,,,
callback-count,17,output/callback-count,dist/callback-count,0,0
eslint-plugin-template,,,,,
benchpressjs,,,,,
edtf,,,,,
jsotp,,,,,
fast-html-parser,28,output/fast-html-parser,dist/fast-html-parser,0,0
fs-finder,,,,,
kuroshiro,,,,,
redux-persist-cookie-storage,,,,,
av,,,,,
normalize-object,266,output/normalize-object,dist/normalize-object,0,0
raptor-logging,18,output/raptor-logging,dist/raptor-logging,0,0
commitlint-config-cz,378,output/commitlint-config-cz,dist/commitlint-config-cz,0,0
json-circular-stringify,105,output/json-circular-stringify,dist/json-circular-stringify,0,0
vue-full-calendar,,,,,
esformatter-braces,108,output/esformatter-braces,dist/esformatter-braces,0,0
nuxt-svg-loader,,,,,
tedious-connection-pool,,,,,
passport-trusted-header,85,output/passport-trusted-header,dist/passport-trusted-header,0,0
php-array-parser,,,,,
nunjucks-comma-filter,73,output/nunjucks-comma-filter,dist/nunjucks-comma-filter,0,0
hapi-forwarded-for,114,output/hapi-forwarded-for,dist/hapi-forwarded-for,0,0
django-channels,392,output/django-channels,dist/django-channels,0,0
wonderful-fetch,,,,,
cz,,,,,
remark-docusaurus-tabs,516,output/remark-docusaurus-tabs,dist/remark-docusaurus-tabs,2,2
ddp.js,416,output/ddp.js,dist/ddp.js,0,0
ratelimit.js,,,,,
cytoscape-cise,958,output/cytoscape-cise,dist/cytoscape-cise,0,0
shallow-with-context,585,output/shallow-with-context,dist/shallow-with-context,0,0
jest-jenkins-reporter,380,output/jest-jenkins-reporter,dist/jest-jenkins-reporter,0,0
passport.socketio,83,output/passport.socketio,dist/passport.socketio,0,0
serverless-postgres,,,,,
rollup-plugin-browsersync,,,,,
exists-file,384,output/exists-file,dist/exists-file,2,2
react-combine-reducers,,,,,
express-boom,117,output/express-boom,dist/express-boom,0,0
mongoose-update-if-current,,,,,
pool2,,,,,
pagexray,378,output/pagexray,dist/pagexray,0,0
probability-distributions,,,,,
utils-properties-parse,121,output/utils-properties-parse,dist/utils-properties-parse,0,0
eslint-plugin-no-cyrillic-string,,,,,
node-sass-middleware,,,,,
gel-sass-tools,,,,,
eslint-plugin-react-filenames,237,output/eslint-plugin-react-filenames,dist/eslint-plugin-react-filenames,2,2
hubot-robin,398,output/hubot-robin,dist/hubot-robin,0,0
callbag-take-while,,,,,
sluglife,303,output/sluglife,dist/sluglife,0,0
postcss-em-media-query,492,output/postcss-em-media-query,dist/postcss-em-media-query,2,2
color-generator,22,output/color-generator,dist/color-generator,2,2
geojson-precision,,,,,
describe-property,137,output/describe-property,dist/describe-property,0,0
compute-dtype,134,output/compute-dtype,dist/compute-dtype,0,0
diffpatch,,,,,
eslint-config-seegno,,,,,
htmx-ext-head-support,,,,,
koa-respond,359,output/koa-respond,dist/koa-respond,0,0
node-dig-dns,241,output/node-dig-dns,dist/node-dig-dns,0,0
nuxt-facebook-pixel-module,1038,output/nuxt-facebook-pixel-module,dist/nuxt-facebook-pixel-module,3,2
feathers-query-filters,502,output/feathers-query-filters,dist/feathers-query-filters,0,0
selector-observer,,,,,
sync-i18n,,,,,
shallow-element-equals,181,output/shallow-element-equals,dist/shallow-element-equals,0,0
coffee-coverage,,,,,
chunk-text,585,output/chunk-text,dist/chunk-text,0,0
markdown-toc-unlazy,,,,,
