repo,nFilesBefore,nFilesAfter,codeBefore,codeAfter,sizeReduction,preDepth,preWidth
mime-types,1,1,25,17,,10,200
http-errors,,4,,132,,10,201
source-map-support,,,,,,,
compressible,,,,,,10,212
global-modules,,,,,,8,19
thenify,,,,,,6,35
mz,1,1,84,14,,6,36
memory-fs,,,,,,,
pinkie-promise,,,,,,8,27
pretty-error,,,,,,7,47
renderkid,,,,,,8,212
hpack.js,,,,,,,
wbuf,,1,,15,,6,10
expand-tilde,1,1,118,29,,12,31
homedir-polyfill,1,1,44,28,,12,31
basic-auth,,,,,,,
for-own,1,1,27,14,,12,31
is-unc-path,,,,,,12,49
recursive-readdir,,,,,,9,40
path-root,1,1,23,17,,12,31
cookies,,,,,,9,244
bufferutil,,,,,,8,56
utf-8-validate,,,,,,11,185
easy-table,,,,,,7,41
is-dotfile,1,1,23,17,,12,65
glob-parent,1,1,158,17,,11,194
is-glob,1,1,30,19,,12,31
doctrine,,,,,,10,221
define-property,2,2,216,61,,12,50
jsonfile,1,1,27,12,,11,165
optionator,,,,,,7,41
type-check,,,,,,7,137
levn,,,,,,7,42
is-extendable,1,1,43,28,,12,49
esquery,1,1,638,176,,11,431
on-finished,1,1,71,29,,10,199
error-ex,1,1,27,19,,9,146
finalhandler,4,4,365,90,,10,218
content-disposition,,,,,,10,162
terser,,,,,,,
proxy-addr,2,2,194,48,,10,225
prop-types,2,2,117,53,,10,264
has-values,1,1,116,17,,12,49
has-value,2,2,265,67,,12,49
url-parse,1,1,40,19,,8,260
simple-swizzle,1,1,27,18,,9,146
clone-deep,3,3,322,71,,8,19
shallow-clone,1,1,116,17,,11,161
prettier-linter-helpers,1,1,488,86,,8,76
cors,2,2,176,32,,9,213
fd-slicer,,,,,,6,27
object.pick,1,1,23,16,,12,46
language-tags,2,2,42,15,,,
union-value,2,2,239,93,,,
object-copy,3,3,393,88,,,
static-extend,2,2,635,182,,12,28
hash.js,1,1,28,15,,8,68
browserify-zlib,2,2,3476,264,,,
hmac-drbg,2,2,89,40,,6,14
des.js,2,2,85,45,,7,43
dom-converter,,,,,,7,24
zip-stream,1,1,40,11,,7,61
crc32-stream,1,1,99,44,,7,37
one-time,1,1,41,17,,,
resolve-dir,1,1,136,38,,12,50
yargs-unparser,,4,,75,,,
warning,,,,,,,
bplist-parser,,,,,,8,90
md5,3,3,159,73,,9,69
is-relative,1,1,33,23,,12,49
is-absolute,2,2,79,52,,12,49
redis-parser,,,,,,,
lazy-cache,1,1,186,85,,12,29
css-to-react-native,,,,,,,
parse-filepath,2,2,126,67,,12,31
request-progress,1,1,40,22,,7,55
jest-junit,3,3,538,172,,10,213
postcss-initial,,,,,,10,142
unixify,1,1,48,19,,12,31
cookie-parser,2,2,211,39,,10,223
saslprep,1,1,169,54,,14,231
window-size,3,3,515,210,,12,32
keygrip,1,1,47,23,,9,157
contains-path,2,2,161,71,,12,31
fined,,5,,233,,9,182
object.defaults,4,4,133,87,,12,31
is-color-stop,5,5,130,82,,,
gonzales-pe,,1,,26,,14,314
make-iterator,1,1,116,25,,12,49
glob-base,2,2,78,48,,8,29
uid-safe,1,1,72,37,,10,190
fancy-log,1,1,127,34,,9,188
object.map,2,2,233,66,,12,31
object.omit,1,1,50,32,,12,49
find-babel-config,1,1,1130,306,,10,471
mquery,,,,,,7,86
xlsx,,,,,,10,254
json-to-pretty-yaml,2,2,138,49,,14,218
named-placeholders,,,,,,2,1
parse-glob,5,5,216,111,,10,108
plugin-error,1,1,105,26,,9,177
is-equal-shallow,1,1,23,16,,8,32
original,,,,,,7,57
detective-typescript,1,1,174,26,,,
detective-es6,,,,,,,
json2mq,1,1,27,17,,5,13
create-error-class,1,1,33,14,,8,27
detective-cjs,1,1,174,26,,,
to-through,,,,,,9,179
resolve-options,1,1,107,14,,9,177
ansi-gray,1,1,23,16,,8,27
bcrypt,,,,,,9,228
mixin-object,2,2,77,48,,12,49
optimize-css-assets-webpack-plugin,,,,,,12,597
ordered-read-streams,,,,,,9,179
sync-fetch,,,,,,10,289
to-absolute-glob,2,2,121,66,,8,41
glogg,2,2,130,77,,9,177
unique-stream,,,,,,6,33
align-text,4,4,297,111,,12,49
gulplog,1,1,136,55,,9,177
blob,,,,,,8,46
center-align,2,2,287,79,,12,31
right-align,1,1,219,35,,8,33
wkx,,,,,,8,240
chai-as-promised,,,,,,7,85
json-pointer,1,1,38,20,,,
has-glob,1,1,47,32,,12,31
promptly,,,,,,,
hot-shots,,,,,,9,146
semver-greatest-satisfied-range,1,1,370,144,,9,177
each-props,2,2,136,90,,9,178
is2,3,3,173,75,,9,44
levenary,2,2,170,82,,13,255
airbnb-prop-types,1,,80,,,10,576
remove-bom-stream,,,,,,9,183
remove-bom-buffer,2,2,117,39,,12,31
dotenv-defaults,1,1,98,32,,10,339
rework,,1,,26,,5,15
vizion,4,4,1402,696,,8,123
array-sort,3,3,347,98,,12,46
default-compare,1,1,132,30,,12,49
pad-right,1,1,47,16,,8,32
passport-local,1,1,31,16,,5,12
console.table,,,,,,10,234
cli-tableau,,,,,,11,158
condense-newlines,3,3,197,66,,12,30
requireg,1,1,617,60,,9,63
object.reduce,2,2,233,56,,12,31
properties-reader,,,,,,10,289
array-initial,2,2,69,46,,5,15
default-resolution,,,,,,9,188
collection-map,3,3,442,130,,12,31
ansi-red,1,1,23,16,,8,27
broccoli-merge-trees,,,,,,14,157
eslint-plugin-react-native,,,,,,9,293
is-valid-path,1,1,41,22,,8,33
strip-hex-prefix,1,1,25,15,,7,56
uglify-es,,,,,,2,2
ansi-cyan,1,1,23,16,,8,27
method-override,3,3,251,56,,8,143
readline2,,,,,,,
number-allocator,,,,,,9,564
has-gulplog,1,1,63,33,,9,177
ethjs-util,1,1,35,17,,13,326
unescape,1,1,49,32,,8,25
validate.io-integer,1,1,24,16,,7,63
stream-parser,,,,,,8,28
compute-gcd,3,3,109,54,,7,63
validate.io-integer-array,2,2,56,34,,7,63
compute-lcm,4,4,321,130,,7,63
set-getter,1,1,146,61,,12,29
passport-oauth2,3,3,159,57,,5,12
i18n-iso-countries,,,,,,7,83
sha1,2,2,131,47,,4,7
json-diff,,,,,,9,113
dreamopt,,,,,,8,27
highlight-es,1,1,23,16,,8,83
basic-auth-connect,1,1,47,23,,9,49
glob2base,1,1,42,18,,7,66
third-party-capital,,,,,,10,322
new-date,1,1,41,14,,15,212
webrtc-adapter,1,1,591,19,,11,556
xhr-request-promise,1,1,805,137,,12,173
contentful-resolve-response,1,1,255,65,,13,438
jest-sonar-reporter,1,1,269,107,,16,163
parse-author,1,1,23,17,,6,13
amd-name-resolver,2,2,381,68,,11,168
mocha-multi-reporters,,,,,,,
eslint-plugin-filenames,2,2,401,225,,8,130
apache-crypt,1,1,38,58,,8,97
semver-intersect,1,1,1251,341,,14,331
fetch-ponyfill,,,,,,9,326
karma-mocha,1,1,229,18,,13,562
is-odd,1,1,36,16,,12,49
babel-plugin-ember-modules-api-polyfill,1,1,21,14,,14,491
csurf,,,,,,1,1
taketalk,1,1,57,17,,8,27
require-and-forget,,,,,,11,353
geojson-equality,1,1,80,3,,8,105
relative,,1,,20,,8,32
pkg-config,2,2,96,66,,11,174
rss-parser,1,1,242,160,,8,528
xml-but-prettier,1,1,47,28,,13,384
karma-spec-reporter,,,,,,9,194
speakeasy,1,1,174,122,,14,193
parsejson,,,,,,5,8
promise-to-callback,2,2,50,31,,,
sha3,,,,,,,
is-self-closing,1,1,52,18,,12,49
alce,2,2,3634,521,,7,72
async-promise-queue,,,,,,6,19
typeof-article,1,1,121,18,,12,30
handlebars-utils,2,2,272,84,,12,49
html-tag,2,2,178,41,,12,49
mock-require,2,2,76,57,,7,80
broccoli-slow-trees,,,,,,5,16
json-merge-patch,1,1,48,16,,8,136
download-stats,,,,,,12,30
can-symlink,1,1,308,67,,5,11
ttf2eot,,,,,,12,160
eslint-plugin-you-dont-need-lodash-underscore,1,1,32,20,,7,122
pad-left,1,1,47,34,,11,129
passport-http-bearer,1,1,31,16,,5,12
react-themeable,1,1,49,14,,13,149
ansi-green,1,1,23,16,,8,27
livereload,,,,,,8,33
match-url-wildcard,1,1,27,20,,7,66
promisify-event,,,,,,5,11
opentype.js,,,,,,7,79
clean-deep,3,3,1261,277,,12,285
react-linkify,1,1,1562,13,,12,238
passport-oauth1,1,1,31,16,,5,12
date.js,,,,,,10,105
json-rpc-error,1,1,57,34,,6,25
broccoli-asset-rewrite,,,,,,13,312
rest-facade,2,2,455,131,,,
eslint-plugin-sort-destructure-keys,1,1,58,29,,8,122
ansi-yellow,1,1,23,16,,8,27
ansi-grey,1,1,23,16,,8,27
ansi-magenta,1,1,23,16,,8,27
ansi-bold,1,1,23,16,,8,27
node-sass-tilde-importer,1,1,56,27,,12,207
ansi-underline,1,1,23,16,,8,27
ansi-bgred,1,1,23,16,,8,27
ansi-dim,1,1,23,16,,8,27
ansi-bgyellow,1,1,23,16,,8,27
ansi-bgwhite,1,1,23,16,,8,27
ansi-bgblue,1,1,23,16,,8,27
ansi-blue,1,1,23,16,,8,27
ansi-black,1,1,23,16,,8,27
ansi-reset,1,1,23,16,,8,27
ansi-strikethrough,1,1,23,16,,8,27
ansi-italic,1,1,23,16,,8,27
ansi-bgmagenta,1,1,23,16,,8,27
ansi-white,1,1,23,16,,8,27
ansi-hidden,1,1,23,16,,8,27
ansi-inverse,1,1,23,16,,8,27
ansi-bgcyan,1,1,23,16,,8,27
ansi-bggreen,1,1,23,16,,8,27
ansi-bgblack,1,1,23,16,,8,27
typpy,,,,,,7,35
varstream,,,,,,7,46
passport-custom,1,1,31,16,,5,12
list-item,2,2,453,71,,12,48
contra,2,2,48,32,,12,108
mocha-suppress-logs,1,1,206,61,,10,179
is-valid-app,,,,,,9,53
koa-mount,1,1,43,20,,8,152
node-eval,1,1,33,16,,11,163
stringifier,1,1,286,29,,10,169
ember-cli-test-info,1,1,72,32,,5,13
nodeify,2,2,142,31,,4,8
react-native-dotenv,1,1,296,50,,10,491
node-gettext,1,1,342,79,,12,140
rdf-canonize,1,1,54,45,,9,376
passport-oauth,,,,,,5,20
chai-json-schema,,,,,,12,109
markdown-toc,,,,,,8,54
universal-deep-strict-equal,2,2,59,32,,14,272
espower-location-detector,1,1,41,17,,9,108
jest-css-modules,,,,,,13,235
buffermaker,1,1,472,99,,11,221
is-even,1,1,149,43,,12,31
deep-for-each,1,1,144,64,,11,513
rename-keys,1,1,23,16,,12,49
memcached,,,,,,8,38
kerberos,,,,,,10,235
smtp-connection,,,,,,9,101
deep-rename-keys,2,2,166,59,,12,30
wrap-fn,1,1,172,22,,11,216
generate-schema,1,1,110,43,,6,15
ware,1,1,231,33,,8,65
stringify-object-es5,3,3,70,48,,,
json-promise,,,,,,7,58
receptacle,1,1,130,23,,10,233
chai-datetime,,,,,,10,64
to-source-code,1,1,23,16,,7,58
safe-compare,1,1,33,15,,7,56
js-yaml-js-types,1,1,6370,1141,,9,144
to-ast,1,1,4563,318,,5,15
is-native,2,2,61,39,,7,58
ip-cidr,,,,,,9,171
multimath,2,2,185,31,,11,164
kruptein,,,,,,,
rocambole,,,,,,11,80
dnscache,2,2,826,189,,11,165
wawoff2,,,,,,12,160
doctrine-temporary-fork,,,,,,10,221
koa-route,2,2,424,87,,9,67
git-username,2,2,604,119,,12,52
create-frame,,,,,,12,32
merge-value,4,4,448,205,,12,51
fd-slicer2,,,,,,11,172
mergexml,,,,,,,
receptor,1,1,84,14,,,
longjohn,,,,,,6,39
resolve-bin,1,1,56,33,,11,155
axios-rate-limit,,,,,,11,392
node-fetch-retry,,,,,,7,45
helper-markdown,2,2,22224,86,,12,51
gonzales-pe-sl,1,1,215,26,,14,317
xml-parser,,,,,,5,16
saml2-js,,,,,,9,102
react-stickynode,,,,,,10,1026
parse-prefer-header,1,1,269,158,,8,89
express-xml-bodyparser,,,,,,9,166
omit-empty,1,1,116,29,,8,19
request-debug,1,1,23,16,,5,50
table-parser,1,1,180,36,,12,271
random-words,,,,,,7,33
lzma-native,,,,,,7,56
esprima-extract-comments,1,1,6370,780,,12,49
add-filename-increment,1,1,88,24,,11,161
protobuf.js,1,1,486,114,,5,12
oauth2orize,,,,,,5,13
extract-comments,1,1,244,60,,8,50
path-extra,1,1,27,17,,11,182
redux-promise,2,2,207,106,,14,352
vow-queue,,,,,,6,31
compute-cosine-similarity,4,4,206,82,,7,62
grunt-mocha-test,1,1,98,32,,11,75
weak-napi,,,,,,,
propose,1,1,72,44,,5,10
radio-symbol,2,2,60,44,,12,31
toggle-array,1,1,23,16,,12,31
choices-separator,2,2,53,38,,12,31
compute-dot,2,2,48,28,,7,62
compute-l2norm,2,2,48,28,,7,62
fusing,1,1,251,41,,6,31
scrypt,,,,,,5,13
arr-swap,1,1,135,46,,12,30
ps-node,1,1,375,64,,5,19
readme-badger,1,1,68,25,,5,7
slack-node,,,,,,7,29
less-vars-to-js,1,1,74,12,,13,580
chai-files,,,,,,6,19
smpltmpl,,,,,,10,286
testrail-api,,,,,,7,141
payment,,,,,,,
decode-bmp,1,1,28,15,,11,165
camelo,1,1,31,18,,7,35
currency-formatter,3,3,584,389,,5,18
eslint-plugin-you-dont-need-momentjs,1,1,32,20,,11,288
httperrors,1,1,122,34,,8,118
passport-google-oauth,,,,,,5,15
sort-by,1,1,221,62,,11,125
merge-estraverse-visitors,,,,,,10,137
empower-assert,1,1,635,232,,9,153
component-cookie,,,,,,8,27
serverless-plugin-aws-alerts,,,,,,12,945
pm2-promise,,,,,,15,342
ember-cli-valid-component-name,,,,,,5,14
connect-datadog,,,,,,13,235
file-match,1,1,142,27,,7,36
defaults-deep,,,,,,6,18
vue-moment,,,,,,15,495
jsdom-worker,,,,,,11,589
assign-deep,1,1,43,30,,11,161
intelli-espower-loader,,,,,,12,48
moji,,,,,,11,257
escape-quotes,,,,,,9,126
delimiter-regex,2,2,107,53,,12,51
cache-manager-ioredis,,,,,,10,234
cookiefile,,,,,,6,15
mitm,1,1,1160,285,,8,26
os-dns-native,1,1,110,36,,10,36
mongodb-build-info,,,,,,9,298
html-to-vdom,1,1,101,47,,7,66
github-url-to-object,1,1,41,20,,10,167
multiline,2,2,56,39,,10,111
passport-openidconnect,1,1,31,16,,9,28
electron-window,,,,,,9,85
deep-sort-object,2,2,66,44,,10,111
is-valid-element-name,1,1,24,16,,5,10
stylelint-config-standard-vue,,,,,,7,180
jexl,,,,,,11,376
underscore-keypath,,,,,,10,77
git-repo-version,1,1,251,46,,6,10
posthtml-urls,4,4,271,140,,,
gravatar,2,2,245,187,,9,68
test-results-parser,3,3,313,72,,8,53
strip-bom-buffer,2,2,117,39,,12,31
browserify-transform-tools,,,,,,12,135
sanitize-html-react,2,2,55,37,,10,114
jquery-datetimepicker,,,,,,8,100
abs,,,,,,5,12
data-store,3,3,412,151,,11,167
json-api-serializer,,,,,,11,223
resemblejs,,,,,,11,268
exec-limiter,1,1,80,28,,5,12
if-env,,,,,,,
babel-plugin-inline-dotenv,,,,,,,
vimeo,,,,,,11,248
core_d,,,,,,8,107
koa-qs,1,1,41,20,,11,169
express-formidable,,,,,,14,243
object-path-immutable,1,1,23,16,,9,207
gulp-insert,,,,,,10,30
oargv,2,2,233,86,,5,12
flowstate,3,3,199,94,,7,25
glibc-version,,,,,,10,34
execution-time,1,1,85,60,,,
acorn-object-spread,,,,,,5,13
vue-shortkey,,,,,,,
ursa-optional,,,,,,7,35
shortcss,,,,,,5,13
has-own-deep,1,1,23,16,,12,49
process.argv,,,,,,7,36
synesthesia,,,,,,7,74
sloc,,,,,,7,46
validate,3,3,158,25,,,
validate.io-array-like,1,1,32,22,,7,62
utils-regex-from-string,2,2,46,31,,6,59
import-html-entry,,,,,,13,498
kitx,,,,,,9,144
phylo,,,,,,,
stream-chunks,,,,,,11,267
co-read,2,2,252,35,,5,8
dirty-json,1,1,125,24,,7,52
babel-plugin-transform-dynamic-import,,,,,,13,623
redis-clustr,1,1,114,37,,9,20
wiredep,,,,,,7,86
composer,,,,,,12,42
eslint-plugin-codeceptjs,,,,,,8,88
deviate,,,,,,7,75
redux-freeze,1,1,34,17,,13,105
postcss-hexrgba,1,1,471,74,,9,93
file-is-binary,2,2,114,45,,12,31
project-name,1,1,446,45,,8,21
sendgrid-rest,,,,,,7,71
css-color-list,,,,,,8,27
predefine,,,,,,,
is-binary-buffer,1,1,116,18,,12,49
laravelphp,,,,,,10,483
ember-cli-broccoli-sane-watcher,1,1,147,38,,12,159
postal-codes-js,,,,,,7,52
engine,1,1,77,48,,12,48
eslint-plugin-modules-newline,,,,,,8,81
unlazy-loader,1,1,23,17,,8,32
p-queue-compat,,,,,,11,878
map-schema,1,1,24,16,,11,161
sort-object-arrays,1,1,121,24,,8,27
babel-preset-amex,,,,,,11,775
intercept-stdout,1,1,275,67,,5,12
proj4leaflet,,,,,,7,27
ml-kernel-gaussian,1,1,19,14,,13,392
esbuild-plugin-text-replace,,,,,,11,554
co-with-promise,,,,,,12,110
layouts,2,2,230,55,,,
schema-inspector,,,,,,11,182
hubot-slack,,,,,,10,111
setheader,,,,,,7,43
color-stringify,,,,,,5,14
geojson-antimeridian-cut,,,,,,13,297
cfenv,,,,,,7,37
aws-cdk-local,,,,,,9,246
jest-text-transformer,1,1,80,40,,,
duplexpair,,,,,,,
rethrow,,,,,,8,50
expand-args,1,1,244,19,,12,41
trim-leading-lines,1,1,27,20,,12,31
parser-front-matter,,,,,,12,47
broccoli-viz,,,,,,8,39
make-unique,1,1,72,33,,5,8
expand-object,3,3,435,124,,12,61
to-choices,2,2,97,57,,12,59
assemble-streams,,,,,,11,188
elfy,1,1,119,11,,8,37
is-answer,3,3,329,92,,12,31
random-weighted-choice,,,,,,13,246
pa11y-runner-htmlcs,,,,,,8,188
cli-source-preview,,,,,,5,16
ml-convolution,1,1,30,21,,11,332
template-error,,,,,,8,51
diff-json,,,,,,5,11
stream-demux,,,,,,7,33
clean,1,1,61,24,,8,27
undertaker-forward-reference,1,1,41,12,,9,177
extract-banner,2,2,52,35,,12,50
wdio-reportportal-service,,,,,,14,218
should-http,1,1,107,25,,8,108
base-argv,,,,,,12,79
adbkit-monkey,,,,,,7,52
readable-error,,,,,,11,182
commons-validator-js,1,1,218,19,,13,181
winston-slack-webhook-transport,,,,,,10,275
except,1,1,27,15,,6,17
tree-model,,,,,,10,232
base-task,1,1,226,50,,8,34
shift-regexp-acceptor,4,4,1632,70,,8,97
base64url-universal,,,,,,9,201
raml-parser,,,,,,12,218
pa11y-reporter-cli,1,1,113,73,,8,188
get-view,1,1,64,24,,12,49
maplibre-gl-draw-circle,6,6,2037,574,,13,264
editorjs-undo,,,,,,10,539
serverless-plugin-utils,,,,,,14,293
serverless-api-gateway-caching,2,2,552,225,,7,49
company-email-validator,1,1,24,10,,6,16
shift-fuzzer,2,2,2057,816,,7,39
tableize-object,1,1,31,20,,8,34
node-redis-scripty,2,2,363,78,,5,8
pa11y-runner-axe,,,,,,8,188
base-runtimes,,,,,,12,196
common-config,,,,,,12,149
babel-loader-exclude-node-modules-except,1,1,27,17,,15,276
humanize-bytes,1,1,86,49,,6,32
deep-bind,1,1,67,35,,12,50
blake2,,,,,,7,79
mkdirp-then,1,1,102,23,,6,33
codacy-coverage,,,,,,8,147
base-engines,,,,,,9,53
serverless-api-gateway-throttling,2,2,552,229,,7,53
connect-query,1,1,513,155,,6,46
rdf-transform-triple-to-quad,,,,,,11,186
webworker-promise,,,,,,9,368
svg-path-bounding-box,,,,,,6,20
inquirer-promise,,,,,,10,139
finished,1,1,71,29,,10,199
nodemailer-ses-transport,,,,,,9,94
rework-plugin-function,1,1,36,13,,5,11
saucectl,,,,,,10,512
textlint-rule-preset-ja-technical-writing,1,1,11,10,,13,167
urllite,,,,,,8,100
virtual-u2f,,,,,,5,11
simulate-event,1,1,32,21,,13,277
serverless-mysql,,,,,,9,230
package-json-versionify,1,1,46,21,,12,118
winston-array-transport,,,,,,10,827
hexo-generator-category,1,1,84,30,,8,196
rollup-plugin-banner2,,,,,,,
hexo-generator-archive,1,1,90,31,,8,168
emailjs-utf7,1,1,148,47,,12,284
abstract-socket,,,,,,6,18
rework-plugin-url,1,1,84,18,,5,11
mocha-jsdom,,,,,,10,145
stylelint-config-gds,,,,,,10,520
passport-cookie,1,1,31,16,,7,56
ethjs-provider-http,,,,,,13,349
cypress-intellij-reporter,,,,,,8,27
sort-pjson,1,1,21,14,,11,152
connect-loki,,,,,,15,272
is-array-like,3,3,85,48,,7,58
next-remote-watch,,,,,,14,341
deferential,,,,,,5,8
promise-chains,,,,,,8,82
lasso-caching-fs,,,,,,6,20
lasso-package-root,1,1,264,27,,6,21
hexo-renderer-ejs,1,1,703,149,,9,182
generate-password-browser,,,,,,9,180
json5-jest,1,1,1130,228,,10,220
amex-jest-preset-react,,,,,,11,671
opted,,,,,,10,182
secure-random-password,,,,,,10,273
scss-comment-parser,,,,,,9,101
lil-uri,,,,,,8,17
rollup-plugin-sizes,2,2,242,77,,10,270
gulp-order,,,,,,6,24
esanimate,,,,,,10,235
babel-preset-es2015-rollup,1,1,50,28,,6,116
loopback-filters,,,,,,7,80
gfm-code-blocks,1,1,23,17,,12,31
leaflet-geometryutil,,,,,,,
modularscale,,,,,,7,25
chai-colors,1,1,656,107,,6,17
babel-plugin-auto-import,1,1,22,15,,11,280
jquery-extendext,,,,,,12,227
remark-hbs,2,2,215,88,,15,253
jwt-builder,1,1,144,34,,6,30
weak,,,,,,5,12
ref-struct-di,,,,,,,
jenkins,,,,,,9,121
eslint-config-tc,,,,,,11,375
eslint-plugin-scanjs-rules,,,,,,7,76
chartjs-test-utils,1,1,178,12,,8,142
function-double,1,1,36,15,,15,260
lambda-multipart-parser,,,,,,5,23
gulp-multi-process,1,1,495,246,,11,164
hcl-to-json,,,,,,11,124
defaulty,1,1,75,26,,12,255
undoo,2,2,209,109,,13,222
eslint-plugin-modules-newlines,,,,,,8,81
sourcemapped-stacktrace-node,,,,,,14,105
loading-spinner,,,,,,5,11
lost,1,1,84,14,,,
mktmpdir,1,1,226,28,,5,10
showdown-xss-filter,,,,,,6,13
last-commit-log,1,1,235,31,,,
lerna-audit,,,,,,14,229
flatley,1,1,23,15,,9,128
wdio-mochawesome-reporter,1,1,80,40,,14,373
qs-middleware,1,1,513,155,,11,218
googlemaps,3,3,720,180,,6,33
rocambole-strip-alert,1,1,273,40,,8,27
is-dotdir,1,1,23,17,,12,31
newman-reporter-slackmsg,2,2,215,81,,14,239
dotgitconfig,1,1,173,28,,,
z-schema-errors,1,1,33,22,,6,17
redis-server,,,,,,,
validate.io-object,1,1,24,12,,7,62
imparse,,,,,,6,17
markdown-builder,,,,,,15,267
koa-locale,1,1,73,22,,10,65
eslint-plugin-googleappsscript,,,,,,7,60
lodash-move,,,,,,12,320
rudy-match-path,1,1,260,17,,11,510
onedrive-api,1,1,26,17,,7,99
magicpen-prism,,,,,,10,331
sqlite-async,,,,,,8,76
babel-plugin-dotenv-import,1,1,109,48,,10,632
capture-console,2,2,359,128,,7,85
check-export-map,2,2,256,129,,10,178
argle,2,2,113,53,,7,85
markdown-utils,2,2,497,56,,12,49
json-parse-context,2,2,7021,1319,,10,684
multi-glob,,,,,,14,183
mongoose-paginate,,,,,,6,24
node-postal,,,,,,11,157
access-control,3,3,347,104,,8,91
passport-trello,,,,,,9,96
ebay-oauth-nodejs-client,,,,,,9,104
parse-data-url,1,1,36,23,,10,133
pbkdf2-password,1,1,176,30,,6,16
list-it,2,2,494,71,,10,187
await-busboy,,,,,,11,166
url-assembler,2,2,630,252,,,
rfc6902-ordered,,,,,,,
npe,2,2,158,59,,9,107
find-exec,1,1,233,33,,7,35
jsx-runtime,1,1,49,14,,10,57
sort-by-value,2,2,72,46,,12,31
mongoose-timestamp,1,1,142,35,,6,48
async-test-util,,,,,,7,495
babel-plugin-transform-react-createelement-to-jsx,,,,,,,
i18n-nationality,,,,,,10,168
npm-paths,,,,,,8,20
exec-promise,,,,,,10,213
chai-almost,2,2,565,121,,8,89
queue-fifo,,,,,,9,141
grant-profile,,,,,,11,264
jest-monocart-coverage,,,,,,10,445
idna-uts46,,,,,,10,64
recaptcha2,,,,,,7,47
create-server,1,1,38,21,,8,94
strong-data-uri,1,1,65,33,,6,28
trace-error,,,,,,11,189
babel-plugin-jsx-pragmatic,,,,,,8,118
sort-media-queries,1,1,33,22,,13,250
rollup-plugin-legacy,,,,,,8,97
tin-validator,,,,,,13,260
node-random-name,,,,,,5,10
super-error,1,1,57,34,,,
nicely-format,1,1,343,59,,12,145
karma-summary-reporter,,,,,,9,83
jssoup,,,,,,,
eslint-plugin-no-async-array-methods,,,,,,8,84
pure-render-decorator,2,2,93,51,,8,29
prismarine-windows,,,,,,11,193
is-present,1,1,51,37,,5,12
webpack-plugin-hash-output,,,,,,12,242
jspm-github,1,1,370,144,,3,1
node-df,,,,,,14,351
is-ttf,,,,,,8,27
chai-asserttype,,,,,,8,89
express-body-parser-error-handler,,,,,,10,456
koa-ejs,1,1,703,200,,10,251
xunit-file,1,1,237,47,,7,47
gatsby-plugin-force-trailing-slashes,,,,,,,
fs-mode,1,1,101,33,,5,10
cbify,2,2,77,29,,12,98
wink-distance,2,2,358,55,,10,213
fobject,,,,,,5,13
mojangson,1,1,455,17,,11,188
babel-plugin-transform-es2017-object-entries,,,,,,13,79
promise-props-recursive,1,1,58,37,,7,35
postcss-banner,,,,,,8,128
mdx,2,2,444,142,,9,97
change-case-object,3,3,340,262,,8,123
is-otf,,,,,,8,27
hmpo-model,1,1,208,139,,10,185
mocha-circleci-reporter,,,,,,5,18
aliasify,,,,,,7,51
jquery.payment,,,,,,7,41
wdio-cucumber-reporter,,,,,,13,202
babel-preset-vue-app,,,,,,,
json-schema-for-openapi,2,2,794,246,,7,64
express-response-size,1,1,71,25,,11,141
gift,,,,,,7,46
loads,4,4,151,75,,7,44
deep-filter,2,2,66,44,,10,111
eslint-plugin-no-unsafe-innerhtml,,,,,,,
bluebird-ff,,,,,,7,49
whois-json,1,1,288,174,,6,40
restify-cookies,1,1,110,16,,9,55
eventproxy,,,,,,10,197
superagent-use,2,2,163,55,,9,22
postcss-purgecss-laravel,,,,,,14,220
axe-webdriverjs,,,,,,13,426
firebase-scrypt,,,,,,12,474
line-ending-corrector,,,,,,5,13
fetch-base64,1,1,121,57,,,
serverless-default-aws-resource-attributes,,,,,,,
es7-object-polyfill,1,1,30,13,,9,200
babel-plugin-react-native-platform-specific-extensions,,,,,,13,431
robloach-datfile,1,1,128,24,,7,34
jsonbird,1,1,279,128,,12,249
ee-argv,,,,,,5,13
nodemailer-mandrill-transport,2,2,323,150,,8,62
js2coffee,,,,,,10,116
trigram-similarity,1,1,37,20,,,
metalsmith-permalinks,3,3,123,67,,11,755
chunkify-stream,,,,,,11,164
ascii-tree,1,1,92,24,,8,27
camunda-dmn-moddle,,,,,,8,121
ml-hclust,2,2,61,30,,11,336
iso-639-1-zh,,,,,,12,205
winston-transport-rollbar-3,,,,,,10,219
emoji-text,,,,,,6,35
esformatter-eol-last,,,,,,7,34
vue-numeric,,,,,,14,476
express-socket.io-session,1,1,239,38,,12,210
libs-dogstatsd,,,,,,,
sorted-joyo-kanji,3,3,274,110,,13,197
json-int64,,,,,,,
request-cookie,,,,,,9,104
spellcheck-technical-word,,,,,,13,139
superagent-no-cache,,,,,,5,10
rewrite-ext,2,2,87,61,,12,31
cometd-nodejs-client,,,,,,8,28
pdf-parse-new,,,,,,9,103
prebuild-webpack-plugin,1,1,804,35,,11,336
first-base,1,1,37,26,,10,434
tokenbucket,,,,,,13,215
esformatter-literal-notation,2,2,3673,702,,8,30
MD5,3,3,159,73,,9,69
csv2geojson,2,2,243,57,,11,196
statman-stopwatch,1,1,50,18,,7,38
cacheman,1,1,117,24,,13,153
eslint-plugin-destructuring,1,1,46,36,,13,221
git-user-name,2,2,378,64,,12,187
eslint-plugin-const-case,,,,,,,
babel-type-scopes,,,,,,12,172
karma-expect,,,,,,13,142
consent-string,1,1,155,86,,13,357
agent-pool,,,,,,,
is-affirmative,1,1,71,14,,12,31
jspngopt,,,,,,6,27
inspect.js,1,1,69,52,,10,57
rich-text,,,,,,9,41
memoize-bind,1,1,98,24,,10,163
javascript-brunch,1,1,6029,1088,,8,89
creature-features,2,2,64,42,,10,288
gulp-filenames,,,,,,9,90
os-locale-s-fix,1,1,70,39,,9,220
better-sqlite3-with-prebuilds,,,,,,11,103
ab-testing,1,1,37,24,,7,35
lookup-path,1,1,90,38,,8,33
dataloader-sort,,,,,,13,401
jquery-once,,,,,,12,320
vdom-to-html,7,7,296,200,,6,35
koa-rewrite-75lb,1,1,379,77,,10,260
webpack-env,,,,,,14,99
get-pkg,1,1,32,24,,8,20
react-time-input,,,,,,11,627
os-locale-s,1,1,70,39,,9,220
coffee-register,,,,,,13,278
superagent-mocker,1,1,266,76,,7,45
eslint-config-mongodb-js,,,,,,13,153
stack-lifo,,,,,,7,70
ethjs-provider-signer,,,,,,13,431
redux-ignore,,,,,,13,275
envs,,,,,,5,8
redisearch,,,,,,8,33
callback-count,1,1,28,15,,5,8
eslint-plugin-template,,,,,,8,96
benchpressjs,,,,,,,
edtf,,,,,,8,111
jsotp,,,,,,13,156
fast-html-parser,1,1,202,120,,5,19
fs-finder,,,,,,5,10
kuroshiro,,,,,,11,586
redux-persist-cookie-storage,,,,,,7,78
av,,,,,,13,173
normalize-object,1,1,58,37,,9,201
raptor-logging,1,1,16,12,,5,9
commitlint-config-cz,1,1,695,191,,,
json-circular-stringify,1,1,41,16,,8,47
vue-full-calendar,,,,,,15,288
esformatter-braces,1,1,257,71,,8,53
nuxt-svg-loader,,,,,,14,744
tedious-connection-pool,,,,,,6,26
passport-trusted-header,1,1,31,16,,9,58
php-array-parser,,,,,,12,151
nunjucks-comma-filter,1,1,227,65,,8,27
hapi-forwarded-for,1,1,57,21,,8,98
django-channels,1,1,501,41,,10,532
wonderful-fetch,,,,,,7,46
cz,,,,,,,
remark-docusaurus-tabs,2,2,225,95,,14,322
ddp.js,1,1,240,32,,13,318
ratelimit.js,,,,,,8,123
cytoscape-cise,1,1,72,18,,12,862
shallow-with-context,3,3,792,148,,12,566
jest-jenkins-reporter,1,1,269,107,,15,209
passport.socketio,1,1,33,22,,5,82
serverless-postgres,,,,,,14,551
rollup-plugin-browsersync,,,,,,15,305
exists-file,1,1,72,55,,11,258
react-combine-reducers,,,,,,12,387
express-boom,1,1,1157,230,,9,42
mongoose-update-if-current,,,,,,11,527
pool2,,,,,,8,49
pagexray,1,1,244,18,,9,448
probability-distributions,,,,,,5,13
utils-properties-parse,1,1,921,101,,6,59
eslint-plugin-no-cyrillic-string,,,,,,10,159
node-sass-middleware,,,,,,9,203
gel-sass-tools,,,,,,10,219
eslint-plugin-react-filenames,2,2,2083,234,,8,142
hubot-robin,2,2,194,58,,9,278
callbag-take-while,,,,,,13,311
sluglife,1,1,215,137,,11,178
postcss-em-media-query,1,1,633,73,,10,425
color-generator,1,1,949,293,,5,12
geojson-precision,,,,,,7,75
describe-property,1,1,39,14,,9,126
compute-dtype,2,2,84,62,,7,62
diffpatch,,,,,,10,159
eslint-config-seegno,,,,,,12,372
htmx-ext-head-support,,,,,,2,1
koa-respond,1,1,37,32,,13,180
node-dig-dns,1,1,33,11,,,
nuxt-facebook-pixel-module,1,1,804,35,,,
feathers-query-filters,1,1,261,98,,13,261
selector-observer,,,,,,,
sync-i18n,,,,,,9,74
shallow-element-equals,1,1,104,22,,8,129
coffee-coverage,,,,,,13,394
chunk-text,1,1,139,12,,11,482
markdown-toc-unlazy,,,,,,8,54
